<?xml version="1.0" encoding="UTF-8"?>
<project-private xmlns="http://www.netbeans.org/ns/project-private/1">
    <editor-bookmarks xmlns="http://www.netbeans.org/ns/editor-bookmarks/2" lastBookmarkId="0"/>
    <open-files xmlns="http://www.netbeans.org/ns/projectui-open-files/2">
        <group>
            <file>file:/E:/kulchuri_project/Kulchuri_Project/web/WEB-INF/web.xml</file>
            <file>file:/E:/kulchuri_project/Kulchuri_Project/src/java/com/kulchuri/project/group/GroupDao.java</file>
            <file>file:/E:/kulchuri_project/Kulchuri_Project/web/addTechnology.jsp</file>
            <file>file:/E:/kulchuri_project/Kulchuri_Project/web/index.jsp</file>
            <file>file:/E:/kulchuri_project/Kulchuri_Project/web/viewAllGroups.jsp</file>
            <file>file:/E:/kulchuri_project/Kulchuri_Project/web/head.jsp</file>
            <file>file:/E:/kulchuri_project/Kulchuri_Project/web/META-INF/context.xml</file>
            <file>file:/E:/kulchuri_project/Kulchuri_Project/web/viewAllStudents.jsp</file>
            <file>file:/E:/kulchuri_project/Kulchuri_Project/web/UpdateStudents.jsp</file>
            <file>file:/E:/kulchuri_project/Kulchuri_Project/web/UpdateGuides.jsp</file>
            <file>file:/E:/kulchuri_project/Kulchuri_Project/web/adminHome.jsp</file>
        </group>
    </open-files>
</project-private>
