<?xml version="1.0" encoding="UTF-8"?>
<project-private xmlns="http://www.netbeans.org/ns/project-private/1">
    <editor-bookmarks xmlns="http://www.netbeans.org/ns/editor-bookmarks/2" lastBookmarkId="0"/>
    <open-files xmlns="http://www.netbeans.org/ns/projectui-open-files/2">
        <group>
            <file>file:/E:/kulchuri_project/Kulchuri_Project/web/css/style.css</file>
            <file>file:/E:/kulchuri_project/Kulchuri_Project/web/viewAllStudents.jsp</file>
            <file>file:/E:/kulchuri_project/Kulchuri_Project/web/addStudent.jsp</file>
        </group>
    </open-files>
</project-private>
