<?xml version="1.0" encoding="UTF-8"?>
<project-private xmlns="http://www.netbeans.org/ns/project-private/1">
    <editor-bookmarks xmlns="http://www.netbeans.org/ns/editor-bookmarks/2" lastBookmarkId="0"/>
    <open-files xmlns="http://www.netbeans.org/ns/projectui-open-files/2">
        <group>
            <file>file:/E:/second%20Final%20sw%20project/Kulchuri_Project/src/java/com/kulchuri/project/db/KulchuriDb.java</file>
            <file>file:/E:/second%20Final%20sw%20project/Kulchuri_Project/web/checkStudentEno.jsp</file>
            <file>file:/E:/second%20Final%20sw%20project/Kulchuri_Project/web/addGroup.jsp</file>
        </group>
    </open-files>
</project-private>
